{
    "prepare_queue": {
        "installed": [],
        "uninstalled": []
    },
    "config_munge": {
        "files": {}
    },
    "installed_plugins": {
        "cordova-plugin-compat": {
            "PACKAGE_NAME": "com.phonegap.blueio"
        },
        "cordova-plugin-ble-central": {
            "PACKAGE_NAME": "com.phonegap.blueio"
        },
        "cordova-plugin-inappbrowser": {
            "PACKAGE_NAME": "com.phonegap.blueio"
        }
    },
    "dependent_plugins": {},
    "modules": [
        {
            "file": "plugins/cordova-plugin-ble-central/www/ble.js",
            "id": "cordova-plugin-ble-central.ble",
            "pluginId": "cordova-plugin-ble-central",
            "clobbers": [
                "ble"
            ]
        },
        {
            "file": "plugins/cordova-plugin-ble-central/src/browser/BLECentralPlugin.js",
            "id": "cordova-plugin-ble-central.BLECentralPlugin",
            "pluginId": "cordova-plugin-ble-central",
            "merges": [
                "ble"
            ]
        },
        {
            "file": "plugins/cordova-plugin-inappbrowser/www/inappbrowser.js",
            "id": "cordova-plugin-inappbrowser.inappbrowser",
            "pluginId": "cordova-plugin-inappbrowser",
            "clobbers": [
                "cordova.InAppBrowser.open",
                "window.open"
            ]
        },
        {
            "file": "plugins/cordova-plugin-inappbrowser/src/browser/InAppBrowserProxy.js",
            "id": "cordova-plugin-inappbrowser.InAppBrowserProxy",
            "pluginId": "cordova-plugin-inappbrowser",
            "merges": [
                ""
            ]
        }
    ],
    "plugin_metadata": {
        "cordova-plugin-compat": "1.0.0",
        "cordova-plugin-ble-central": "1.1.0",
        "cordova-plugin-inappbrowser": "1.4.0"
    }
}